{"cameraMode":{"drawMode":0,"name":"Shaded","section":"Shading Mode"},"sceneLighting":true,"audioPlay":false,"sceneViewState":{"m_AlwaysRefresh":false,"showFog":true,"showSkybox":true,"showFlares":true,"showImageEffects":true,"showParticleSystems":true,"showVisualEffectGraphs":true,"m_FxEnabled":true},"in2DMode":false,"pivot":{"x":-0.15506219863891602,"y":0.4271705150604248,"z":0.3196426033973694},"rotation":{"x":-0.12014234811067581,"y":-0.2597804367542267,"z":0.03260020539164543,"w":-0.9576189517974854},"size":2.70739483833313,"orthographic":false}